[
{
  "model": "admin.logentry",
  "pk": 1,
  "fields": {
    "action_time": "2026-03-08T05:23:41.810Z",
    "user": 1,
    "content_type": 7,
    "object_id": "1",
    "object_repr": "Shoes",
    "action_flag": 1,
    "change_message": "[{\"added\": {}}]"
  }
},
{
  "model": "admin.logentry",
  "pk": 2,
  "fields": {
    "action_time": "2026-03-08T05:24:03.723Z",
    "user": 1,
    "content_type": 7,
    "object_id": "2",
    "object_repr": "Mobiles",
    "action_flag": 1,
    "change_message": "[{\"added\": {}}]"
  }
},
{
  "model": "admin.logentry",
  "pk": 3,
  "fields": {
    "action_time": "2026-03-08T05:24:16.620Z",
    "user": 1,
    "content_type": 7,
    "object_id": "3",
    "object_repr": "Fashion",
    "action_flag": 1,
    "change_message": "[{\"added\": {}}]"
  }
},
{
  "model": "admin.logentry",
  "pk": 4,
  "fields": {
    "action_time": "2026-03-08T05:24:33.269Z",
    "user": 1,
    "content_type": 7,
    "object_id": "4",
    "object_repr": "Electronics",
    "action_flag": 1,
    "change_message": "[{\"added\": {}}]"
  }
},
{
  "model": "admin.logentry",
  "pk": 5,
  "fields": {
    "action_time": "2026-03-08T05:29:21.454Z",
    "user": 1,
    "content_type": 8,
    "object_id": "1",
    "object_repr": "Nike Shoes",
    "action_flag": 1,
    "change_message": "[{\"added\": {}}]"
  }
},
{
  "model": "admin.logentry",
  "pk": 6,
  "fields": {
    "action_time": "2026-03-08T05:30:40.703Z",
    "user": 1,
    "content_type": 8,
    "object_id": "2",
    "object_repr": "Puma Sports Running Shoes",
    "action_flag": 1,
    "change_message": "[{\"added\": {}}]"
  }
},
{
  "model": "admin.logentry",
  "pk": 7,
  "fields": {
    "action_time": "2026-03-08T05:32:09.112Z",
    "user": 1,
    "content_type": 8,
    "object_id": "3",
    "object_repr": "Adidas Running Shoes",
    "action_flag": 1,
    "change_message": "[{\"added\": {}}]"
  }
},
{
  "model": "admin.logentry",
  "pk": 8,
  "fields": {
    "action_time": "2026-03-08T05:36:36.468Z",
    "user": 1,
    "content_type": 8,
    "object_id": "4",
    "object_repr": "Samsung Galaxy S26 Ultra",
    "action_flag": 1,
    "change_message": "[{\"added\": {}}]"
  }
},
{
  "model": "admin.logentry",
  "pk": 9,
  "fields": {
    "action_time": "2026-03-08T05:37:47.262Z",
    "user": 1,
    "content_type": 8,
    "object_id": "5",
    "object_repr": "Apple iphone 17 pro max",
    "action_flag": 1,
    "change_message": "[{\"added\": {}}]"
  }
},
{
  "model": "admin.logentry",
  "pk": 10,
  "fields": {
    "action_time": "2026-03-08T05:38:28.493Z",
    "user": 1,
    "content_type": 8,
    "object_id": "6",
    "object_repr": "Google Pixel 10 pro 5G",
    "action_flag": 1,
    "change_message": "[{\"added\": {}}]"
  }
},
{
  "model": "admin.logentry",
  "pk": 11,
  "fields": {
    "action_time": "2026-03-08T05:40:16.337Z",
    "user": 1,
    "content_type": 8,
    "object_id": "7",
    "object_repr": "Men's Premium Cotton Casual T-Shirt",
    "action_flag": 1,
    "change_message": "[{\"added\": {}}]"
  }
},
{
  "model": "admin.logentry",
  "pk": 12,
  "fields": {
    "action_time": "2026-03-08T05:41:00.275Z",
    "user": 1,
    "content_type": 8,
    "object_id": "8",
    "object_repr": "Men's Performance Gym Wear Set",
    "action_flag": 1,
    "change_message": "[{\"added\": {}}]"
  }
},
{
  "model": "admin.logentry",
  "pk": 13,
  "fields": {
    "action_time": "2026-03-08T05:41:37.066Z",
    "user": 1,
    "content_type": 8,
    "object_id": "9",
    "object_repr": "Men's Premium Traditional Kurta Set",
    "action_flag": 1,
    "change_message": "[{\"added\": {}}]"
  }
},
{
  "model": "admin.logentry",
  "pk": 14,
  "fields": {
    "action_time": "2026-03-08T05:46:00.912Z",
    "user": 1,
    "content_type": 8,
    "object_id": "10",
    "object_repr": "Apple AirPods Pro (2nd Generation)",
    "action_flag": 1,
    "change_message": "[{\"added\": {}}]"
  }
},
{
  "model": "admin.logentry",
  "pk": 15,
  "fields": {
    "action_time": "2026-03-08T05:48:55.172Z",
    "user": 1,
    "content_type": 8,
    "object_id": "11",
    "object_repr": "Sony WH Wireless Noise Cancelling Headphones",
    "action_flag": 1,
    "change_message": "[{\"added\": {}}]"
  }
},
{
  "model": "admin.logentry",
  "pk": 16,
  "fields": {
    "action_time": "2026-03-08T05:51:18.962Z",
    "user": 1,
    "content_type": 8,
    "object_id": "12",
    "object_repr": "JBL Tune TWS Earbuds",
    "action_flag": 1,
    "change_message": "[{\"added\": {}}]"
  }
},
{
  "model": "admin.logentry",
  "pk": 17,
  "fields": {
    "action_time": "2026-03-10T17:45:11.290Z",
    "user": 1,
    "content_type": 11,
    "object_id": "2",
    "object_repr": "Surya",
    "action_flag": 3,
    "change_message": ""
  }
},
{
  "model": "admin.logentry",
  "pk": 18,
  "fields": {
    "action_time": "2026-03-10T17:45:17.575Z",
    "user": 1,
    "content_type": 11,
    "object_id": "1",
    "object_repr": "Bhai",
    "action_flag": 3,
    "change_message": ""
  }
},
{
  "model": "admin.logentry",
  "pk": 19,
  "fields": {
    "action_time": "2026-03-13T03:42:19.811Z",
    "user": 1,
    "content_type": 7,
    "object_id": "4",
    "object_repr": "Electronics",
    "action_flag": 2,
    "change_message": "[{\"changed\": {\"fields\": [\"Image\"]}}]"
  }
},
{
  "model": "admin.logentry",
  "pk": 20,
  "fields": {
    "action_time": "2026-03-13T03:42:44.226Z",
    "user": 1,
    "content_type": 7,
    "object_id": "3",
    "object_repr": "Fashion",
    "action_flag": 2,
    "change_message": "[{\"changed\": {\"fields\": [\"Image\"]}}]"
  }
},
{
  "model": "admin.logentry",
  "pk": 21,
  "fields": {
    "action_time": "2026-03-13T03:42:56.043Z",
    "user": 1,
    "content_type": 7,
    "object_id": "2",
    "object_repr": "Mobiles",
    "action_flag": 2,
    "change_message": "[{\"changed\": {\"fields\": [\"Image\"]}}]"
  }
},
{
  "model": "admin.logentry",
  "pk": 22,
  "fields": {
    "action_time": "2026-03-13T03:43:07.001Z",
    "user": 1,
    "content_type": 7,
    "object_id": "1",
    "object_repr": "Shoes",
    "action_flag": 2,
    "change_message": "[{\"changed\": {\"fields\": [\"Image\"]}}]"
  }
},
{
  "model": "admin.logentry",
  "pk": 23,
  "fields": {
    "action_time": "2026-03-13T04:38:11.108Z",
    "user": 1,
    "content_type": 11,
    "object_id": "3",
    "object_repr": "Surya Tarun",
    "action_flag": 2,
    "change_message": "[{\"changed\": {\"fields\": [\"Address\"]}}]"
  }
},
{
  "model": "admin.logentry",
  "pk": 24,
  "fields": {
    "action_time": "2026-03-13T04:45:37.318Z",
    "user": 1,
    "content_type": 11,
    "object_id": "3",
    "object_repr": "Order #3",
    "action_flag": 2,
    "change_message": "[{\"changed\": {\"fields\": [\"Status\"]}}]"
  }
},
{
  "model": "admin.logentry",
  "pk": 25,
  "fields": {
    "action_time": "2026-03-13T04:46:14.022Z",
    "user": 1,
    "content_type": 11,
    "object_id": "3",
    "object_repr": "Order #3",
    "action_flag": 2,
    "change_message": "[]"
  }
},
{
  "model": "admin.logentry",
  "pk": 26,
  "fields": {
    "action_time": "2026-03-13T05:04:11.904Z",
    "user": 1,
    "content_type": 13,
    "object_id": "1",
    "object_repr": "Adidas Running Shoes Review",
    "action_flag": 1,
    "change_message": "[{\"added\": {}}]"
  }
},
{
  "model": "admin.logentry",
  "pk": 27,
  "fields": {
    "action_time": "2026-03-13T05:05:21.551Z",
    "user": 1,
    "content_type": 13,
    "object_id": "2",
    "object_repr": "Apple AirPods Pro (2nd Generation) Review",
    "action_flag": 1,
    "change_message": "[{\"added\": {}}]"
  }
},
{
  "model": "admin.logentry",
  "pk": 28,
  "fields": {
    "action_time": "2026-03-13T05:09:26.349Z",
    "user": 1,
    "content_type": 13,
    "object_id": "3",
    "object_repr": "Apple iphone 17 pro max Review",
    "action_flag": 1,
    "change_message": "[{\"added\": {}}]"
  }
},
{
  "model": "admin.logentry",
  "pk": 29,
  "fields": {
    "action_time": "2026-03-13T05:09:56.407Z",
    "user": 1,
    "content_type": 13,
    "object_id": "4",
    "object_repr": "Google Pixel 10 pro 5G Review",
    "action_flag": 1,
    "change_message": "[{\"added\": {}}]"
  }
},
{
  "model": "admin.logentry",
  "pk": 30,
  "fields": {
    "action_time": "2026-03-13T05:10:23.955Z",
    "user": 1,
    "content_type": 13,
    "object_id": "5",
    "object_repr": "JBL Tune TWS Earbuds Review",
    "action_flag": 1,
    "change_message": "[{\"added\": {}}]"
  }
},
{
  "model": "admin.logentry",
  "pk": 31,
  "fields": {
    "action_time": "2026-03-13T05:10:53.521Z",
    "user": 1,
    "content_type": 13,
    "object_id": "6",
    "object_repr": "Men's Performance Gym Wear Set Review",
    "action_flag": 1,
    "change_message": "[{\"added\": {}}]"
  }
},
{
  "model": "admin.logentry",
  "pk": 32,
  "fields": {
    "action_time": "2026-03-13T05:11:16.838Z",
    "user": 1,
    "content_type": 13,
    "object_id": "7",
    "object_repr": "Men's Premium Cotton Casual T-Shirt Review",
    "action_flag": 1,
    "change_message": "[{\"added\": {}}]"
  }
},
{
  "model": "admin.logentry",
  "pk": 33,
  "fields": {
    "action_time": "2026-03-13T05:11:40.053Z",
    "user": 1,
    "content_type": 13,
    "object_id": "8",
    "object_repr": "Men's Premium Traditional Kurta Set Review",
    "action_flag": 1,
    "change_message": "[{\"added\": {}}]"
  }
},
{
  "model": "admin.logentry",
  "pk": 34,
  "fields": {
    "action_time": "2026-03-13T05:12:18.583Z",
    "user": 1,
    "content_type": 13,
    "object_id": "9",
    "object_repr": "Nike Shoes Review",
    "action_flag": 1,
    "change_message": "[{\"added\": {}}]"
  }
},
{
  "model": "admin.logentry",
  "pk": 35,
  "fields": {
    "action_time": "2026-03-13T05:12:43.239Z",
    "user": 1,
    "content_type": 13,
    "object_id": "10",
    "object_repr": "Puma Sports Running Shoes Review",
    "action_flag": 1,
    "change_message": "[{\"added\": {}}]"
  }
},
{
  "model": "admin.logentry",
  "pk": 36,
  "fields": {
    "action_time": "2026-03-13T05:13:10.923Z",
    "user": 1,
    "content_type": 13,
    "object_id": "11",
    "object_repr": "Samsung Galaxy S26 Ultra Review",
    "action_flag": 1,
    "change_message": "[{\"added\": {}}]"
  }
},
{
  "model": "admin.logentry",
  "pk": 37,
  "fields": {
    "action_time": "2026-03-13T05:13:32.881Z",
    "user": 1,
    "content_type": 13,
    "object_id": "12",
    "object_repr": "Sony WH Wireless Noise Cancelling Headphones Review",
    "action_flag": 1,
    "change_message": "[{\"added\": {}}]"
  }
},
{
  "model": "admin.logentry",
  "pk": 38,
  "fields": {
    "action_time": "2026-03-13T07:31:41.422Z",
    "user": 1,
    "content_type": 11,
    "object_id": "4",
    "object_repr": "Order #4",
    "action_flag": 2,
    "change_message": "[{\"changed\": {\"fields\": [\"Address\", \"Status\"]}}]"
  }
},
{
  "model": "admin.logentry",
  "pk": 39,
  "fields": {
    "action_time": "2026-03-13T08:00:48.501Z",
    "user": 1,
    "content_type": 13,
    "object_id": "11",
    "object_repr": "Samsung Galaxy S26 Ultra Review",
    "action_flag": 2,
    "change_message": "[]"
  }
},
{
  "model": "admin.logentry",
  "pk": 40,
  "fields": {
    "action_time": "2026-03-13T08:04:02.445Z",
    "user": 1,
    "content_type": 13,
    "object_id": "11",
    "object_repr": "Samsung Galaxy S26 Ultra Review",
    "action_flag": 2,
    "change_message": "[{\"changed\": {\"fields\": [\"Rating\"]}}]"
  }
},
{
  "model": "admin.logentry",
  "pk": 41,
  "fields": {
    "action_time": "2026-03-13T08:04:14.613Z",
    "user": 1,
    "content_type": 13,
    "object_id": "12",
    "object_repr": "Sony WH Wireless Noise Cancelling Headphones Review",
    "action_flag": 2,
    "change_message": "[{\"changed\": {\"fields\": [\"Rating\"]}}]"
  }
},
{
  "model": "admin.logentry",
  "pk": 42,
  "fields": {
    "action_time": "2026-03-13T08:04:25.408Z",
    "user": 1,
    "content_type": 13,
    "object_id": "10",
    "object_repr": "Puma Sports Running Shoes Review",
    "action_flag": 2,
    "change_message": "[{\"changed\": {\"fields\": [\"Rating\"]}}]"
  }
},
{
  "model": "admin.logentry",
  "pk": 43,
  "fields": {
    "action_time": "2026-03-13T08:04:34.976Z",
    "user": 1,
    "content_type": 13,
    "object_id": "9",
    "object_repr": "Nike Shoes Review",
    "action_flag": 2,
    "change_message": "[{\"changed\": {\"fields\": [\"Rating\"]}}]"
  }
},
{
  "model": "admin.logentry",
  "pk": 44,
  "fields": {
    "action_time": "2026-03-13T08:04:43.318Z",
    "user": 1,
    "content_type": 13,
    "object_id": "8",
    "object_repr": "Men's Premium Traditional Kurta Set Review",
    "action_flag": 2,
    "change_message": "[{\"changed\": {\"fields\": [\"Rating\"]}}]"
  }
},
{
  "model": "admin.logentry",
  "pk": 45,
  "fields": {
    "action_time": "2026-03-13T08:05:10.328Z",
    "user": 1,
    "content_type": 13,
    "object_id": "6",
    "object_repr": "Men's Performance Gym Wear Set Review",
    "action_flag": 2,
    "change_message": "[{\"changed\": {\"fields\": [\"Name\", \"Rating\"]}}]"
  }
},
{
  "model": "admin.logentry",
  "pk": 46,
  "fields": {
    "action_time": "2026-03-13T08:05:36.945Z",
    "user": 1,
    "content_type": 13,
    "object_id": "5",
    "object_repr": "JBL Tune TWS Earbuds Review",
    "action_flag": 2,
    "change_message": "[{\"changed\": {\"fields\": [\"Rating\"]}}]"
  }
},
{
  "model": "admin.logentry",
  "pk": 47,
  "fields": {
    "action_time": "2026-03-13T08:05:47.970Z",
    "user": 1,
    "content_type": 13,
    "object_id": "4",
    "object_repr": "Google Pixel 10 pro 5G Review",
    "action_flag": 2,
    "change_message": "[{\"changed\": {\"fields\": [\"Rating\"]}}]"
  }
},
{
  "model": "admin.logentry",
  "pk": 48,
  "fields": {
    "action_time": "2026-03-13T08:05:57.492Z",
    "user": 1,
    "content_type": 13,
    "object_id": "3",
    "object_repr": "Apple iphone 17 pro max Review",
    "action_flag": 2,
    "change_message": "[]"
  }
},
{
  "model": "admin.logentry",
  "pk": 49,
  "fields": {
    "action_time": "2026-03-13T08:06:07.094Z",
    "user": 1,
    "content_type": 13,
    "object_id": "3",
    "object_repr": "Apple iphone 17 pro max Review",
    "action_flag": 2,
    "change_message": "[]"
  }
},
{
  "model": "admin.logentry",
  "pk": 50,
  "fields": {
    "action_time": "2026-03-13T08:06:14.762Z",
    "user": 1,
    "content_type": 13,
    "object_id": "2",
    "object_repr": "Apple AirPods Pro (2nd Generation) Review",
    "action_flag": 2,
    "change_message": "[]"
  }
},
{
  "model": "admin.logentry",
  "pk": 51,
  "fields": {
    "action_time": "2026-03-13T08:06:24.337Z",
    "user": 1,
    "content_type": 13,
    "object_id": "1",
    "object_repr": "Adidas Running Shoes Review",
    "action_flag": 2,
    "change_message": "[{\"changed\": {\"fields\": [\"Rating\"]}}]"
  }
},
{
  "model": "admin.logentry",
  "pk": 52,
  "fields": {
    "action_time": "2026-03-13T08:07:05.653Z",
    "user": 1,
    "content_type": 13,
    "object_id": "3",
    "object_repr": "Apple iphone 17 pro max Review",
    "action_flag": 2,
    "change_message": "[]"
  }
},
{
  "model": "admin.logentry",
  "pk": 53,
  "fields": {
    "action_time": "2026-03-13T08:46:11.784Z",
    "user": 1,
    "content_type": 8,
    "object_id": "3",
    "object_repr": "Adidas Running Shoes",
    "action_flag": 2,
    "change_message": "[]"
  }
},
{
  "model": "admin.logentry",
  "pk": 54,
  "fields": {
    "action_time": "2026-03-13T08:46:15.581Z",
    "user": 1,
    "content_type": 8,
    "object_id": "3",
    "object_repr": "Adidas Running Shoes",
    "action_flag": 2,
    "change_message": "[]"
  }
},
{
  "model": "admin.logentry",
  "pk": 55,
  "fields": {
    "action_time": "2026-03-13T09:25:03.708Z",
    "user": 1,
    "content_type": 14,
    "object_id": "1",
    "object_repr": "SAVE 1000",
    "action_flag": 1,
    "change_message": "[{\"added\": {}}]"
  }
},
{
  "model": "admin.logentry",
  "pk": 56,
  "fields": {
    "action_time": "2026-03-13T11:05:20.645Z",
    "user": 1,
    "content_type": 11,
    "object_id": "7",
    "object_repr": "Order #7",
    "action_flag": 2,
    "change_message": "[{\"changed\": {\"fields\": [\"Landmark\", \"City\", \"Pincode\", \"Status\"]}}]"
  }
},
{
  "model": "admin.logentry",
  "pk": 57,
  "fields": {
    "action_time": "2026-03-13T11:06:14.595Z",
    "user": 1,
    "content_type": 11,
    "object_id": "6",
    "object_repr": "Order #6",
    "action_flag": 2,
    "change_message": "[{\"changed\": {\"fields\": [\"Landmark\", \"City\", \"Pincode\", \"Status\"]}}]"
  }
},
{
  "model": "admin.logentry",
  "pk": 58,
  "fields": {
    "action_time": "2026-03-13T11:07:29.012Z",
    "user": 1,
    "content_type": 11,
    "object_id": "5",
    "object_repr": "Order #5",
    "action_flag": 2,
    "change_message": "[{\"changed\": {\"fields\": [\"Landmark\", \"City\", \"Pincode\", \"Status\"]}}]"
  }
},
{
  "model": "admin.logentry",
  "pk": 59,
  "fields": {
    "action_time": "2026-03-13T11:08:49.285Z",
    "user": 1,
    "content_type": 11,
    "object_id": "4",
    "object_repr": "Order #4",
    "action_flag": 2,
    "change_message": "[{\"changed\": {\"fields\": [\"Address\", \"Landmark\", \"City\", \"Pincode\"]}}]"
  }
},
{
  "model": "admin.logentry",
  "pk": 60,
  "fields": {
    "action_time": "2026-03-13T11:09:48.053Z",
    "user": 1,
    "content_type": 11,
    "object_id": "3",
    "object_repr": "Order #3",
    "action_flag": 2,
    "change_message": "[{\"changed\": {\"fields\": [\"Address\", \"Landmark\", \"City\", \"Pincode\"]}}]"
  }
},

{
  "model": "auth.user",
  "pk": 1,
  "fields": {
    "password": "pbkdf2_sha256$1200000$ZyIuFtS6ZBDtkDXlGmbtbb$Ok4QsGrL9ajnTFk0FLAZW2LkJTTfIHRUGa8DpGHPfJE=",
    "last_login": "2026-03-13T10:23:12.697Z",
    "is_superuser": true,
    "username": "Surya",
    "first_name": "",
    "last_name": "",
    "email": "kottapallisuryatarun@gmail.com",
    "is_staff": true,
    "is_active": true,
    "date_joined": "2026-03-08T04:50:54.034Z",
    "groups": [],
    "user_permissions": []
  }
},

{
  "model": "sessions.session",
  "pk": "8o43t0wza8972crzqmaanboqbzvpohlb",
  "fields": {
    "session_data": ".eJxVjDsOwjAQBe_iGlmJvf4kJT1nsNbrhQRQItlOFeXuYCkFtG_mzS4CbnUKW-Ec5iRG0YvL7xaRXrw0kJ64PFZJ61LzHGVT5EmLvK2J39fT_QtMWKbv25HVA1s1gANlY2e0MdY7k0Bb9goiKiADhI4HJmDrEvbM2utkOn1vUcJcxbgfxwfs3jqk:1w13Wr:MkpU02zCWXttQFHaa5EJnrydV23oxo8idE0HqwM0GrY",
    "expire_date": "2026-03-27T14:30:17.639Z"
  }
},
{
  "model": "sites.site",
  "pk": 1,
  "fields": {
    "domain": "example.com",
    "name": "example.com"
  }
},
{
  "model": "products.category",
  "pk": 1,
  "fields": {
    "name": "Shoes",
    "image": "categories/shoes_image.PNG"
  }
},
{
  "model": "products.category",
  "pk": 2,
  "fields": {
    "name": "Mobiles",
    "image": "categories/mobiles_image.jpeg"
  }
},
{
  "model": "products.category",
  "pk": 3,
  "fields": {
    "name": "Fashion",
    "image": "categories/fashion_image.PNG"
  }
},
{
  "model": "products.category",
  "pk": 4,
  "fields": {
    "name": "Electronics",
    "image": "categories/electronics_image.jpeg"
  }
},
{
  "model": "products.product",
  "pk": 1,
  "fields": {
    "name": "Nike Shoes",
    "price": 3000,
    "description": "Experience the perfect blend of performance, comfort, and modern design with these premium Nike Running Shoes. Crafted with high-quality breathable materials, these shoes provide exceptional support and flexibility for everyday wear as well as intense athletic activities.\r\n\r\nThe lightweight construction ensures effortless movement, while the cushioned sole technology delivers superior shock absorption, reducing strain on your feet during long walks or runs. The stylish and sporty design makes these shoes suitable not only for sports but also for casual outings.\r\n\r\nDesigned for durability and long-lasting performance, the high-grip outsole provides excellent traction on various surfaces. Whether you're heading to the gym, going for a morning run, or simply looking for stylish everyday footwear, these Nike shoes offer the ideal combination of comfort, performance, and elegance.\r\n\r\nUpgrade your footwear collection with these versatile Nike Running Shoes and step into a world of unmatched comfort and style.",
    "image": "products/Nike_Shoes_White.jpeg",
    "category": 1,
    "stock": 10
  }
},
{
  "model": "products.product",
  "pk": 2,
  "fields": {
    "name": "Puma Sports Running Shoes",
    "price": 4000,
    "description": "Experience the perfect blend of performance, comfort, and modern design with Puma Sports Running Shoes. Designed with advanced sports technology and lightweight materials, these shoes provide exceptional support and flexibility for both athletic activities and everyday wear.\r\n\r\nThe breathable mesh upper ensures proper airflow, keeping your feet cool and comfortable even during long workouts or runs. Its cushioned midsole offers superior shock absorption, reducing impact on your feet and allowing smooth movement with every step.\r\n\r\nEngineered for durability and performance, the high-traction rubber outsole delivers excellent grip on various surfaces, making these shoes ideal for running, gym training, and outdoor activities. With their stylish and sporty appearance, Puma running shoes are the perfect combination of functionality and modern fashion.\r\n\r\nWhether you're hitting the gym, going for a morning run, or simply looking for comfortable everyday footwear, Puma Sports Running Shoes deliver reliability, comfort, and premium athletic performance.",
    "image": "products/Puma_shoes.jpeg",
    "category": 1,
    "stock": 10
  }
},
{
  "model": "products.product",
  "pk": 3,
  "fields": {
    "name": "Adidas Running Shoes",
    "price": 3000,
    "description": "Step into superior comfort and performance with Adidas Performance Running Shoes, designed to deliver the perfect balance of style, durability, and athletic functionality. Crafted with high-quality breathable materials, these shoes provide exceptional ventilation, keeping your feet cool and comfortable during intense workouts or everyday activities.\r\n\r\nThe lightweight construction ensures effortless movement, while the responsive cushioning technology absorbs impact and provides outstanding support with every step. Whether you're running, training at the gym, or enjoying casual outings, these shoes are engineered to enhance your performance and comfort.\r\n\r\nThe durable rubber outsole offers excellent traction and stability on different surfaces, ensuring confidence and control during every stride. With AdidasÆ iconic sporty design and premium craftsmanship, these running shoes combine modern aesthetics with reliable performance, making them an ideal choice for athletes and style-conscious individuals alike.",
    "image": "products/Adidas_shoes.jpeg",
    "category": 1,
    "stock": 10
  }
},
{
  "model": "products.product",
  "pk": 4,
  "fields": {
    "name": "Samsung Galaxy S26 Ultra",
    "price": 120000,
    "description": "Experience the next level of smartphone innovation with the Samsung Galaxy S26 Ultra. Designed for users who demand power, performance, and premium design, this flagship device delivers cutting-edge technology and an exceptional mobile experience.\r\n\r\nFeaturing a stunning high-resolution Dynamic AMOLED display, the Galaxy S26 Ultra provides vibrant colors, deep contrast, and ultra-smooth performance, making it perfect for streaming, gaming, and everyday multitasking. Powered by SamsungÆs latest high-performance processor, the device ensures lightning-fast speed and seamless operation even with the most demanding applications.\r\n\r\nThe advanced multi-lens camera system allows users to capture professional-quality photos and cinematic videos with incredible clarity and precision. Whether it's low-light photography or high-resolution zoom, the Galaxy S26 Ultra delivers outstanding results in every shot.\r\n\r\nWith a long-lasting battery, fast charging capabilities, and SamsungÆs optimized One UI experience, the Galaxy S26 Ultra keeps you connected, productive, and entertained throughout the day.\r\n\r\nCombining elegant design, powerful hardware, and innovative features, the Samsung Galaxy S26 Ultra sets a new benchmark for premium smartphones, offering a truly exceptional experience for modern users.",
    "image": "products/Samsung_pic.PNG",
    "category": 2,
    "stock": 10
  }
},
{
  "model": "products.product",
  "pk": 5,
  "fields": {
    "name": "Apple iphone 17 pro max",
    "price": 150000,
    "description": "Experience the future of smartphone technology with the Apple iPhone 17 Pro Max. Designed with precision and innovation, this flagship device combines powerful performance, stunning visuals, and an elegant premium design.\r\n\r\nFeaturing an advanced high-resolution Super Retina display, the iPhone 17 Pro Max delivers exceptional clarity, vibrant colors, and ultra-smooth responsiveness, making it perfect for streaming, gaming, and everyday use. Powered by AppleÆs next-generation processor, the device ensures lightning-fast performance and seamless multitasking.\r\n\r\nThe professional-grade camera system captures breathtaking photos and cinematic-quality videos with remarkable detail and accuracy. Enhanced battery efficiency provides all-day power, allowing users to stay connected, productive, and entertained without interruption.\r\n\r\nWith its sleek design, cutting-edge technology, and unmatched reliability, the iPhone 17 Pro Max sets a new standard for premium smartphones, offering an exceptional experience for users who demand the very best.",
    "image": "products/iphone_17_pro_max.WEBP",
    "category": 2,
    "stock": 10
  }
},
{
  "model": "products.product",
  "pk": 6,
  "fields": {
    "name": "Google Pixel 10 pro 5G",
    "price": 110000,
    "description": "Experience the perfect combination of intelligence, performance, and premium design with the Google Pixel 10 Pro 5G. Built with GoogleÆs advanced Tensor G5 processor, this flagship smartphone delivers exceptional speed, powerful AI capabilities, and a seamless user experience for both everyday tasks and demanding applications.\r\n\r\nThe device features a stunning 6.3-inch LTPO OLED display with a smooth 120Hz refresh rate, providing incredibly vibrant colors, sharp detail, and fluid scrolling. Whether you're streaming high-definition videos, gaming, or browsing the web, the Pixel 10 Pro offers an immersive and visually stunning experience.\r\n\r\nEquipped with a professional-grade triple camera system, including a 50MP primary camera, 48MP ultra-wide lens, and 48MP telephoto lens, the Pixel 10 Pro captures breathtaking photos with remarkable clarity and dynamic range. Advanced AI-powered photography features enhance every shot, making it easier than ever to capture stunning images in any lighting condition.\r\n\r\nWith 16GB RAM, powerful processing performance, and support for ultra-fast 5G connectivity, the Google Pixel 10 Pro ensures smooth multitasking, lightning-fast downloads, and future-ready connectivity. Its long-lasting battery and premium design make it the perfect choice for users who demand innovation, power, and reliability in a modern smartphone.",
    "image": "products/Google_Pixel_10_Pro_5G.WEBP",
    "category": 2,
    "stock": 10
  }
},
{
  "model": "products.product",
  "pk": 7,
  "fields": {
    "name": "Men's Premium Cotton Casual T-Shirt",
    "price": 800,
    "description": "Upgrade your everyday style with this Men's Premium Cotton Casual T-Shirt, designed for both comfort and modern fashion. Crafted from high-quality breathable cotton fabric, this t-shirt ensures maximum comfort throughout the day while maintaining a stylish and contemporary appearance.\r\n\r\nThe lightweight material provides excellent ventilation, making it perfect for daily wear, casual outings, or relaxed weekends. Its modern fit design enhances your overall look while allowing easy movement and flexibility.\r\n\r\nWith its simple yet elegant design, this versatile t-shirt pairs perfectly with jeans, shorts, or joggers, making it a must-have addition to any modern wardrobe.",
    "image": "products/Mens_Casual_T-Shirt.PNG",
    "category": 3,
    "stock": 10
  }
},
{
  "model": "products.product",
  "pk": 8,
  "fields": {
    "name": "Men's Performance Gym Wear Set",
    "price": 900,
    "description": "Elevate your fitness performance with the Men's Performance Gym Wear Set, designed for athletes and fitness enthusiasts who demand comfort, flexibility, and style. Crafted from high-quality breathable fabric, this gym wear ensures excellent ventilation and moisture control, keeping you cool and dry during intense workouts.\r\n\r\nThe lightweight and stretchable material allows unrestricted movement, making it ideal for gym training, running, weightlifting, and other athletic activities. Its ergonomic design provides a comfortable fit that adapts perfectly to your body while maintaining a sleek and modern athletic appearance.\r\n\r\nEngineered for durability and performance, this gym wear set offers long-lasting comfort and reliability. Whether you're hitting the gym, training outdoors, or engaging in high-intensity workouts, this premium athletic outfit delivers the perfect combination of functionality and style.",
    "image": "products/Mens_gym_wear.PNG",
    "category": 3,
    "stock": 10
  }
},
{
  "model": "products.product",
  "pk": 9,
  "fields": {
    "name": "Men's Premium Traditional Kurta Set",
    "price": 1000,
    "description": "Celebrate tradition with elegance and style with this Men's Premium Traditional Kurta Set, thoughtfully designed to reflect the richness of cultural fashion. Crafted from high-quality breathable fabric, this outfit offers exceptional comfort while maintaining a sophisticated and graceful appearance.\r\n\r\nThe finely tailored kurta features a modern yet traditional silhouette that enhances your overall look, making it ideal for festive occasions, cultural celebrations, weddings, and special gatherings. Its soft fabric and comfortable fit allow easy movement while ensuring a polished and refined presence.\r\n\r\nPaired with matching pajamas, this traditional ensemble delivers a perfect blend of heritage craftsmanship and contemporary style. Whether you're attending a festival, family function, or traditional ceremony, this kurta set ensures you stand out with timeless elegance and confidence.",
    "image": "products/Mens_kurta_set.jpeg",
    "category": 3,
    "stock": 10
  }
},
{
  "model": "products.product",
  "pk": 10,
  "fields": {
    "name": "Apple AirPods Pro (2nd Generation)",
    "price": 25000,
    "description": "Experience premium wireless audio with the Apple AirPods Pro (2nd Generation). Designed for exceptional sound quality and comfort, these earbuds deliver rich bass, crystal-clear vocals, and an immersive listening experience.\r\n\r\nFeaturing advanced Active Noise Cancellation and Adaptive Transparency, the AirPods Pro intelligently reduce unwanted background noise while allowing you to stay aware of your surroundings when needed. Powered by AppleÆs advanced audio chip, the earbuds ensure seamless connectivity, ultra-low latency, and smooth performance across Apple devices.\r\n\r\nWith a comfortable in-ear design, touch controls, and long-lasting battery life, the AirPods Pro are perfect for music, calls, and entertainment throughout the day.",
    "image": "products/Airpods_2nd_Generation.jpeg",
    "category": 4,
    "stock": 10
  }
},
{
  "model": "products.product",
  "pk": 11,
  "fields": {
    "name": "Sony WH Wireless Noise Cancelling Headphones",
    "price": 30000,
    "description": "Experience industry-leading noise cancellation with the Sony WH-1000XM5 Wireless Headphones. Designed with cutting-edge audio technology, these premium headphones deliver deep bass, detailed sound, and an immersive listening experience.\r\n\r\nAdvanced noise cancelling technology intelligently blocks external noise, allowing users to enjoy music, podcasts, and calls with complete clarity. The lightweight ergonomic design ensures superior comfort for extended listening sessions.\r\n\r\nWith up to 30 hours of battery life, fast charging support, and crystal-clear call quality, the Sony WH-1000XM5 headphones provide an exceptional combination of performance, comfort, and style for modern audio enthusiasts.",
    "image": "products/Sony_Headphones.jpeg",
    "category": 4,
    "stock": 10
  }
},
{
  "model": "products.product",
  "pk": 12,
  "fields": {
    "name": "JBL Tune TWS Earbuds",
    "price": 7000,
    "description": "Enjoy powerful sound and true wireless freedom with the JBL Tune 230NC TWS Earbuds. Built with JBLÆs signature Pure Bass sound technology, these earbuds deliver rich audio quality with deep bass and balanced clarity.\r\n\r\nFeaturing Active Noise Cancellation and Smart Ambient technology, users can focus on their music while still staying aware of their surroundings when necessary. The ergonomic design ensures a comfortable and secure fit for long listening sessions.\r\n\r\nWith long battery life, fast charging capability, and seamless Bluetooth connectivity, the JBL Tune 230NC earbuds offer a premium wireless audio experience ideal for music lovers and everyday users.",
    "image": "products/JBL_Earbuds.jpeg",
    "category": 4,
    "stock": 10
  }
},
{
  "model": "products.review",
  "pk": 1,
  "fields": {
    "product": 3,
    "name": "Karthik",
    "rating": 4.4,
    "comment": "These Adidas shoes are extremely comfortable and perfect for daily wear. The design looks stylish and the build quality feels premium. The cushioning provides great support while walking or running. Overall, itÆs a great value for money and highly recommended.",
    "created_at": "2026-03-13T05:04:11.897Z"
  }
},
{
  "model": "products.review",
  "pk": 2,
  "fields": {
    "product": 10,
    "name": "Uma",
    "rating": 5.0,
    "comment": "The Apple AirPods deliver excellent sound quality with clear bass and crisp vocals. The wireless connectivity is smooth and pairs instantly with devices. The compact design and comfortable fit make them perfect for long listening sessions. Overall, they offer a premium audio experience and great battery life.",
    "created_at": "2026-03-13T05:05:21.548Z"
  }
},
{
  "model": "products.review",
  "pk": 3,
  "fields": {
    "product": 5,
    "name": "Nitesh",
    "rating": 5.0,
    "comment": "The iPhone 17 Pro Max delivers incredible performance with its powerful processor. The camera captures stunning photos and videos even in low light. The display is bright, smooth, and perfect for watching content. Overall, itÆs a premium smartphone with excellent build quality.",
    "created_at": "2026-03-13T05:09:26.347Z"
  }
},
{
  "model": "products.review",
  "pk": 4,
  "fields": {
    "product": 6,
    "name": "Sridhar",
    "rating": 4.8,
    "comment": "The Google Pixel 10 Pro offers one of the best smartphone cameras available. Photos look natural and sharp with excellent detail. The software experience is smooth and clean with regular updates. ItÆs a great choice for users who love photography.",
    "created_at": "2026-03-13T05:09:56.404Z"
  }
},
{
  "model": "products.review",
  "pk": 5,
  "fields": {
    "product": 12,
    "name": "Sunitha",
    "rating": 4.5,
    "comment": "These JBL earbuds deliver strong bass and clear audio quality. They are comfortable to wear for long periods and fit securely. The battery backup is impressive and lasts for hours. Overall, they offer great value for the price.",
    "created_at": "2026-03-13T05:10:23.953Z"
  }
},
{
  "model": "products.review",
  "pk": 6,
  "fields": {
    "product": 8,
    "name": "Kiran",
    "rating": 3.4,
    "comment": "This gym wear set is very comfortable and perfect for workouts. The fabric is breathable and helps keep the body cool. The fit is flexible and allows easy movement during exercise. Overall, a great outfit for gym and sports activities.",
    "created_at": "2026-03-13T05:10:53.519Z"
  }
},
{
  "model": "products.review",
  "pk": 7,
  "fields": {
    "product": 7,
    "name": "Vamsi",
    "rating": 4.0,
    "comment": "The cotton material feels soft and comfortable on the skin. The stitching and fabric quality are very good for daily wear. It fits perfectly and looks stylish with casual outfits. Overall, a great value casual t-shirt.",
    "created_at": "2026-03-13T05:11:16.836Z"
  }
},
{
  "model": "products.review",
  "pk": 8,
  "fields": {
    "product": 9,
    "name": "Ramesh",
    "rating": 4.2,
    "comment": "This kurta set looks elegant and is perfect for festive occasions. The fabric is comfortable and lightweight. The stitching and design give it a premium traditional look. Overall, it is a great choice for cultural events and celebrations.",
    "created_at": "2026-03-13T05:11:40.049Z"
  }
},
{
  "model": "products.review",
  "pk": 9,
  "fields": {
    "product": 1,
    "name": "Dinesh",
    "rating": 3.9,
    "comment": "Nike shoes are extremely comfortable and ideal for sports and casual wear. The cushioning provides great support while walking or running. The design is modern and very stylish. Overall, these shoes offer both performance and durability.",
    "created_at": "2026-03-13T05:12:18.581Z"
  }
},
{
  "model": "products.review",
  "pk": 10,
  "fields": {
    "product": 2,
    "name": "Santhosh",
    "rating": 4.3,
    "comment": "Puma running shoes are lightweight and very comfortable for long walks or runs. The grip and sole provide good stability on different surfaces. The design looks sporty and attractive. Overall, a reliable option for active lifestyles.",
    "created_at": "2026-03-13T05:12:43.237Z"
  }
},
{
  "model": "products.review",
  "pk": 11,
  "fields": {
    "product": 4,
    "name": "Hema",
    "rating": 4.7,
    "comment": "The Samsung Galaxy S26 Ultra offers a stunning display and powerful performance. The camera system captures highly detailed photos and videos. The battery life is impressive and lasts throughout the day. Overall, it is a premium flagship smartphone.",
    "created_at": "2026-03-13T05:13:10.921Z"
  }
},
{
  "model": "products.review",
  "pk": 12,
  "fields": {
    "product": 11,
    "name": "Kusuma",
    "rating": 4.5,
    "comment": "These Sony headphones provide exceptional sound quality with deep bass. The noise cancellation works extremely well in noisy environments. The ear cushions are soft and comfortable for long listening sessions. Overall, they deliver a premium audio experience.",
    "created_at": "2026-03-13T05:13:32.876Z"
  }
},
{
  "model": "products.review",
  "pk": 13,
  "fields": {
    "product": 6,
    "name": "Surya",
    "rating": 3.0,
    "comment": "It was just fantastic",
    "created_at": "2026-03-13T08:08:14.032Z"
  }
},
{
  "model": "orders.order",
  "pk": 3,
  "fields": {
    "name": "Surya Tarun",
    "phone": "7396564910",
    "address": "Flat No. 509, Gajuwaka Road, Ramannapalem, Atchutapuram, APSEZ",
    "landmark": "Opposite to Central Cafe",
    "city": "Anakapalle",
    "pincode": "531011",
    "total_price": 150000,
    "status": "Shipped",
    "created_at": "2026-03-10T17:46:31.394Z"
  }
},
{
  "model": "orders.order",
  "pk": 4,
  "fields": {
    "name": "Pradeep Kumar",
    "phone": "7396564910",
    "address": "Flat no-710, Emerald Heights, Annojguda,",
    "landmark": "Uppal",
    "city": "Hyderabad",
    "pincode": "500001",
    "total_price": 7000,
    "status": "Shipped",
    "created_at": "2026-03-13T07:29:52.361Z"
  }
},
{
  "model": "orders.order",
  "pk": 5,
  "fields": {
    "name": "Eshwar Karthik",
    "phone": "9121510433",
    "address": "Flat no. 317, Gandhi Street, Madhapur, Telangana",
    "landmark": "Kukatpally",
    "city": "Hyderabad",
    "pincode": "500001",
    "total_price": 175000,
    "status": "Shipped",
    "created_at": "2026-03-13T08:54:26.876Z"
  }
},
{
  "model": "orders.order",
  "pk": 6,
  "fields": {
    "name": "Uma",
    "phone": "7396564910",
    "address": "Rose hill church opposite, boddepalli, Narsipatnam",
    "landmark": "Back side of ZPHS School",
    "city": "Narsipatnam",
    "pincode": "531011",
    "total_price": 120000,
    "status": "Shipped",
    "created_at": "2026-03-13T09:27:31.765Z"
  }
},
{
  "model": "orders.order",
  "pk": 7,
  "fields": {
    "name": "Surya Prasad",
    "phone": "9010202432",
    "address": "FF-1, Prasanthi Nilayam, Durganagar",
    "landmark": "Opposite Pepsi Company",
    "city": "Visakhapatnam",
    "pincode": "530048",
    "total_price": 136000,
    "status": "Shipped",
    "created_at": "2026-03-13T10:56:18.638Z"
  }
},
{
  "model": "orders.order",
  "pk": 8,
  "fields": {
    "name": "Kottapalli Sri Charan Sharma",
    "phone": "8886846076",
    "address": "Ganesh Colony, Srinivas Nagar",
    "landmark": "Simhachalam",
    "city": "Visakhapatnam",
    "pincode": "530028",
    "total_price": 25000,
    "status": "Ordered",
    "created_at": "2026-03-13T14:30:17.579Z"
  }
},
{
  "model": "orders.orderitem",
  "pk": 6,
  "fields": {
    "order": 3,
    "product": 5,
    "quantity": 1,
    "price": 150000.0
  }
},
{
  "model": "orders.orderitem",
  "pk": 7,
  "fields": {
    "order": 4,
    "product": 12,
    "quantity": 1,
    "price": 7000.0
  }
},
{
  "model": "orders.orderitem",
  "pk": 8,
  "fields": {
    "order": 5,
    "product": 5,
    "quantity": 1,
    "price": 150000.0
  }
},
{
  "model": "orders.orderitem",
  "pk": 9,
  "fields": {
    "order": 5,
    "product": 10,
    "quantity": 1,
    "price": 25000.0
  }
},
{
  "model": "orders.orderitem",
  "pk": 10,
  "fields": {
    "order": 6,
    "product": 4,
    "quantity": 1,
    "price": 120000.0
  }
},
{
  "model": "orders.orderitem",
  "pk": 11,
  "fields": {
    "order": 7,
    "product": 9,
    "quantity": 1,
    "price": 1000.0
  }
},
{
  "model": "orders.orderitem",
  "pk": 12,
  "fields": {
    "order": 7,
    "product": 10,
    "quantity": 1,
    "price": 25000.0
  }
},
{
  "model": "orders.orderitem",
  "pk": 13,
  "fields": {
    "order": 7,
    "product": 6,
    "quantity": 1,
    "price": 110000.0
  }
},
{
  "model": "orders.orderitem",
  "pk": 14,
  "fields": {
    "order": 8,
    "product": 10,
    "quantity": 1,
    "price": 25000.0
  }
},
{
  "model": "wishlist.wishlist",
  "pk": 20,
  "fields": {
    "product": 6
  }
},
{
  "model": "wishlist.wishlist",
  "pk": 21,
  "fields": {
    "product": 10
  }
},
{
  "model": "coupons.coupon",
  "pk": 1,
  "fields": {
    "code": "SAVE 1000",
    "discount": 10,
    "active": true
  }
}
]
